[{
	"OrderID": 2022,
	"CustomerID": "CustomerID 1",
	"EmployeeID": 6043,
	"OrderDate": "/Date(1130506062000)/",
	"RequiredDate": "/Date(1542889662000)/",
	"ShippedDate": "/Date(1376573262000)/",
	"ShipVia": 8063,
	"Freight": 6043.81,
	"ShipName": "ShipName 1",
	"ShipAddress": "ShipAddress 1",
	"ShipCity": "ShipCity 1",
	"ShipRegion": "ShipRegion 1",
	"ShipPostalCode": "ShipPostalCode 1",
	"ShipCountry": "ShipCountry 1",
	"__metadata": {
		"uri": "Orders(2022)",
		"type": "NorthwindModel.Order"
	},
	"Customer": {
		"__deferred": {
			"uri": "Orders(2022)/Customer"
		}
	},
	"Employee": {
		"__deferred": {
			"uri": "Orders(2022)/Employee"
		}
	},
	"Order_Details": {
		"__deferred": {
			"uri": "Orders(2022)/Order_Details"
		}
	},
	"Shipper": {
		"__deferred": {
			"uri": "Orders(2022)/Shipper"
		}
	}
}, {
	"OrderID": 7647,
	"CustomerID": "CustomerID 2",
	"EmployeeID": 5449,
	"OrderDate": "/Date(1178026062000)/",
	"RequiredDate": "/Date(1158845262000)/",
	"ShippedDate": "/Date(1406640462000)/",
	"ShipVia": 8775,
	"Freight": 4782.39,
	"ShipName": "ShipName 2",
	"ShipAddress": "ShipAddress 2",
	"ShipCity": "ShipCity 2",
	"ShipRegion": "ShipRegion 2",
	"ShipPostalCode": "ShipPostalCode 2",
	"ShipCountry": "ShipCountry 2",
	"__metadata": {
		"uri": "Orders(7647)",
		"type": "NorthwindModel.Order"
	},
	"Customer": {
		"__deferred": {
			"uri": "Orders(7647)/Customer"
		}
	},
	"Employee": {
		"__deferred": {
			"uri": "Orders(7647)/Employee"
		}
	},
	"Order_Details": {
		"__deferred": {
			"uri": "Orders(7647)/Order_Details"
		}
	},
	"Shipper": {
		"__deferred": {
			"uri": "Orders(7647)/Shipper"
		}
	}
}, {
	"OrderID": 2919,
	"CustomerID": "CustomerID 3",
	"EmployeeID": 8708,
	"OrderDate": "/Date(1443014862000)/",
	"RequiredDate": "/Date(1561728462000)/",
	"ShippedDate": "/Date(977228862000)/",
	"ShipVia": 6126,
	"Freight": 5449.66,
	"ShipName": "ShipName 3",
	"ShipAddress": "ShipAddress 3",
	"ShipCity": "ShipCity 3",
	"ShipRegion": "ShipRegion 3",
	"ShipPostalCode": "ShipPostalCode 3",
	"ShipCountry": "ShipCountry 3",
	"__metadata": {
		"uri": "Orders(2919)",
		"type": "NorthwindModel.Order"
	},
	"Customer": {
		"__deferred": {
			"uri": "Orders(2919)/Customer"
		}
	},
	"Employee": {
		"__deferred": {
			"uri": "Orders(2919)/Employee"
		}
	},
	"Order_Details": {
		"__deferred": {
			"uri": "Orders(2919)/Order_Details"
		}
	},
	"Shipper": {
		"__deferred": {
			"uri": "Orders(2919)/Shipper"
		}
	}
}, {
	"OrderID": 9360,
	"CustomerID": "CustomerID 4",
	"EmployeeID": 7329,
	"OrderDate": "/Date(1275139662000)/",
	"RequiredDate": "/Date(1132489662000)/",
	"ShippedDate": "/Date(1378906062000)/",
	"ShipVia": 2954,
	"Freight": 7566.99,
	"ShipName": "ShipName 4",
	"ShipAddress": "ShipAddress 4",
	"ShipCity": "ShipCity 4",
	"ShipRegion": "ShipRegion 4",
	"ShipPostalCode": "ShipPostalCode 4",
	"ShipCountry": "ShipCountry 4",
	"__metadata": {
		"uri": "Orders(9360)",
		"type": "NorthwindModel.Order"
	},
	"Customer": {
		"__deferred": {
			"uri": "Orders(9360)/Customer"
		}
	},
	"Employee": {
		"__deferred": {
			"uri": "Orders(9360)/Employee"
		}
	},
	"Order_Details": {
		"__deferred": {
			"uri": "Orders(9360)/Order_Details"
		}
	},
	"Shipper": {
		"__deferred": {
			"uri": "Orders(9360)/Shipper"
		}
	}
}, {
	"OrderID": 4552,
	"CustomerID": "CustomerID 5",
	"EmployeeID": 4086,
	"OrderDate": "/Date(1080131262000)/",
	"RequiredDate": "/Date(1474982862000)/",
	"ShippedDate": "/Date(1506605262000)/",
	"ShipVia": 7367,
	"Freight": 8708.98,
	"ShipName": "ShipName 5",
	"ShipAddress": "ShipAddress 5",
	"ShipCity": "ShipCity 5",
	"ShipRegion": "ShipRegion 5",
	"ShipPostalCode": "ShipPostalCode 5",
	"ShipCountry": "ShipCountry 5",
	"__metadata": {
		"uri": "Orders(4552)",
		"type": "NorthwindModel.Order"
	},
	"Customer": {
		"__deferred": {
			"uri": "Orders(4552)/Customer"
		}
	},
	"Employee": {
		"__deferred": {
			"uri": "Orders(4552)/Employee"
		}
	},
	"Order_Details": {
		"__deferred": {
			"uri": "Orders(4552)/Order_Details"
		}
	},
	"Shipper": {
		"__deferred": {
			"uri": "Orders(4552)/Shipper"
		}
	}
}, {
	"OrderID": 2981,
	"CustomerID": "CustomerID 6",
	"EmployeeID": 3914,
	"OrderDate": "/Date(1429363662000)/",
	"RequiredDate": "/Date(1189949262000)/",
	"ShippedDate": "/Date(1557494862000)/",
	"ShipVia": 5502,
	"Freight": 2500.55,
	"ShipName": "ShipName 6",
	"ShipAddress": "ShipAddress 6",
	"ShipCity": "ShipCity 6",
	"ShipRegion": "ShipRegion 6",
	"ShipPostalCode": "ShipPostalCode 6",
	"ShipCountry": "ShipCountry 6",
	"__metadata": {
		"uri": "Orders(2981)",
		"type": "NorthwindModel.Order"
	},
	"Customer": {
		"__deferred": {
			"uri": "Orders(2981)/Customer"
		}
	},
	"Employee": {
		"__deferred": {
			"uri": "Orders(2981)/Employee"
		}
	},
	"Order_Details": {
		"__deferred": {
			"uri": "Orders(2981)/Order_Details"
		}
	},
	"Shipper": {
		"__deferred": {
			"uri": "Orders(2981)/Shipper"
		}
	}
}, {
	"OrderID": 8629,
	"CustomerID": "CustomerID 7",
	"EmployeeID": 4605,
	"OrderDate": "/Date(1008764862000)/",
	"RequiredDate": "/Date(1335014862000)/",
	"ShippedDate": "/Date(1488457662000)/",
	"ShipVia": 6909,
	"Freight": 7329.31,
	"ShipName": "ShipName 7",
	"ShipAddress": "ShipAddress 7",
	"ShipCity": "ShipCity 7",
	"ShipRegion": "ShipRegion 7",
	"ShipPostalCode": "ShipPostalCode 7",
	"ShipCountry": "ShipCountry 7",
	"__metadata": {
		"uri": "Orders(8629)",
		"type": "NorthwindModel.Order"
	},
	"Customer": {
		"__deferred": {
			"uri": "Orders(8629)/Customer"
		}
	},
	"Employee": {
		"__deferred": {
			"uri": "Orders(8629)/Employee"
		}
	},
	"Order_Details": {
		"__deferred": {
			"uri": "Orders(8629)/Order_Details"
		}
	},
	"Shipper": {
		"__deferred": {
			"uri": "Orders(8629)/Shipper"
		}
	}
}, {
	"OrderID": 4489,
	"CustomerID": "CustomerID 8",
	"EmployeeID": 1902,
	"OrderDate": "/Date(1368106062000)/",
	"RequiredDate": "/Date(1480595262000)/",
	"ShippedDate": "/Date(1539174462000)/",
	"ShipVia": 4340,
	"Freight": 5370.75,
	"ShipName": "ShipName 8",
	"ShipAddress": "ShipAddress 8",
	"ShipCity": "ShipCity 8",
	"ShipRegion": "ShipRegion 8",
	"ShipPostalCode": "ShipPostalCode 8",
	"ShipCountry": "ShipCountry 8",
	"__metadata": {
		"uri": "Orders(4489)",
		"type": "NorthwindModel.Order"
	},
	"Customer": {
		"__deferred": {
			"uri": "Orders(4489)/Customer"
		}
	},
	"Employee": {
		"__deferred": {
			"uri": "Orders(4489)/Employee"
		}
	},
	"Order_Details": {
		"__deferred": {
			"uri": "Orders(4489)/Order_Details"
		}
	},
	"Shipper": {
		"__deferred": {
			"uri": "Orders(4489)/Shipper"
		}
	}
}, {
	"OrderID": 8055,
	"CustomerID": "CustomerID 9",
	"EmployeeID": 8419,
	"OrderDate": "/Date(1345814862000)/",
	"RequiredDate": "/Date(1473946062000)/",
	"ShippedDate": "/Date(1031750862000)/",
	"ShipVia": 9509,
	"Freight": 4086.07,
	"ShipName": "ShipName 9",
	"ShipAddress": "ShipAddress 9",
	"ShipCity": "ShipCity 9",
	"ShipRegion": "ShipRegion 9",
	"ShipPostalCode": "ShipPostalCode 9",
	"ShipCountry": "ShipCountry 9",
	"__metadata": {
		"uri": "Orders(8055)",
		"type": "NorthwindModel.Order"
	},
	"Customer": {
		"__deferred": {
			"uri": "Orders(8055)/Customer"
		}
	},
	"Employee": {
		"__deferred": {
			"uri": "Orders(8055)/Employee"
		}
	},
	"Order_Details": {
		"__deferred": {
			"uri": "Orders(8055)/Order_Details"
		}
	},
	"Shipper": {
		"__deferred": {
			"uri": "Orders(8055)/Shipper"
		}
	}
}, {
	"OrderID": 2856,
	"CustomerID": "CustomerID 10",
	"EmployeeID": 1149,
	"OrderDate": "/Date(1228480062000)/",
	"RequiredDate": "/Date(1204201662000)/",
	"ShippedDate": "/Date(1316438862000)/",
	"ShipVia": 4001,
	"Freight": 7640.19,
	"ShipName": "ShipName 10",
	"ShipAddress": "ShipAddress 10",
	"ShipCity": "ShipCity 10",
	"ShipRegion": "ShipRegion 10",
	"ShipPostalCode": "ShipPostalCode 10",
	"ShipCountry": "ShipCountry 10",
	"__metadata": {
		"uri": "Orders(2856)",
		"type": "NorthwindModel.Order"
	},
	"Customer": {
		"__deferred": {
			"uri": "Orders(2856)/Customer"
		}
	},
	"Employee": {
		"__deferred": {
			"uri": "Orders(2856)/Employee"
		}
	},
	"Order_Details": {
		"__deferred": {
			"uri": "Orders(2856)/Order_Details"
		}
	},
	"Shipper": {
		"__deferred": {
			"uri": "Orders(2856)/Shipper"
		}
	}
}]